Accuracy,Precision,Recall,Specificity,F1_Score,ROC_AUC,Threshold
0.6973039215686274,0.15789473684210525,0.8653846153846154,0.6858638743455497,0.26706231454005935,0.8762837293596456,0.1
0.7120098039215687,0.16483516483516483,0.8653846153846154,0.7015706806282722,0.27692307692307694,0.8762837293596456,0.11
0.7267156862745098,0.1724137931034483,0.8653846153846154,0.7172774869109948,0.28753993610223644,0.8762837293596456,0.12
0.7450980392156863,0.18292682926829268,0.8653846153846154,0.7369109947643979,0.30201342281879195,0.8762837293596456,0.13
0.7671568627450981,0.19736842105263158,0.8653846153846154,0.7604712041884817,0.32142857142857145,0.8762837293596456,0.13999999999999999
0.7855392156862745,0.20853080568720378,0.8461538461538461,0.7814136125654451,0.33460076045627374,0.8762837293596456,0.14999999999999997
0.7977941176470589,0.21890547263681592,0.8461538461538461,0.7945026178010471,0.34782608695652173,0.8762837293596456,0.15999999999999998
0.8112745098039216,0.22580645161290322,0.8076923076923077,0.8115183246073299,0.35294117647058826,0.8762837293596456,0.16999999999999998
0.8186274509803921,0.23333333333333334,0.8076923076923077,0.819371727748691,0.3620689655172414,0.8762837293596456,0.17999999999999997
0.8333333333333334,0.2469879518072289,0.7884615384615384,0.8363874345549738,0.3761467889908257,0.8762837293596456,0.18999999999999995
0.8406862745098039,0.25625,0.7884615384615384,0.8442408376963351,0.3867924528301887,0.8762837293596456,0.19999999999999996
0.8468137254901961,0.2645161290322581,0.7884615384615384,0.8507853403141361,0.3961352657004831,0.8762837293596456,0.20999999999999996
0.8517156862745098,0.271523178807947,0.7884615384615384,0.856020942408377,0.4039408866995074,0.8762837293596456,0.21999999999999995
0.8578431372549019,0.2808219178082192,0.7884615384615384,0.862565445026178,0.41414141414141414,0.8762837293596456,0.22999999999999995
0.8602941176470589,0.2847222222222222,0.7884615384615384,0.8651832460732984,0.41836734693877553,0.8762837293596456,0.23999999999999994
0.866421568627451,0.2949640287769784,0.7884615384615384,0.8717277486910995,0.4293193717277487,0.8762837293596456,0.24999999999999992
0.8676470588235294,0.29411764705882354,0.7692307692307693,0.8743455497382199,0.425531914893617,0.8762837293596456,0.2599999999999999
0.8725490196078431,0.3,0.75,0.8808900523560209,0.42857142857142855,0.8762837293596456,0.2699999999999999
0.8700980392156863,0.2890625,0.7115384615384616,0.8808900523560209,0.4111111111111111,0.8762837293596456,0.2799999999999999
0.875,0.29508196721311475,0.6923076923076923,0.887434554973822,0.41379310344827586,0.8762837293596456,0.2899999999999999
0.8774509803921569,0.3,0.6923076923076923,0.8900523560209425,0.4186046511627907,0.8762837293596456,0.29999999999999993
0.8786764705882353,0.2956521739130435,0.6538461538461539,0.893979057591623,0.40718562874251496,0.8762837293596456,0.30999999999999994
0.8823529411764706,0.30357142857142855,0.6538461538461539,0.8979057591623036,0.4146341463414634,0.8762837293596456,0.3199999999999999
0.8823529411764706,0.3,0.6346153846153846,0.8992146596858639,0.4074074074074074,0.8762837293596456,0.32999999999999985
0.8872549019607843,0.3076923076923077,0.6153846153846154,0.9057591623036649,0.41025641025641024,0.8762837293596456,0.33999999999999986
0.8897058823529411,0.3137254901960784,0.6153846153846154,0.9083769633507853,0.4155844155844156,0.8762837293596456,0.34999999999999987
0.8921568627450981,0.32,0.6153846153846154,0.9109947643979057,0.42105263157894735,0.8762837293596456,0.3599999999999999
0.8946078431372549,0.32653061224489793,0.6153846153846154,0.9136125654450262,0.4266666666666667,0.8762837293596456,0.3699999999999999
0.8921568627450981,0.3125,0.5769230769230769,0.9136125654450262,0.40540540540540543,0.8762837293596456,0.3799999999999999
0.8958333333333334,0.3225806451612903,0.5769230769230769,0.9175392670157068,0.41379310344827586,0.8762837293596456,0.3899999999999999
0.8946078431372549,0.3111111111111111,0.5384615384615384,0.918848167539267,0.39436619718309857,0.8762837293596456,0.3999999999999998
0.8946078431372549,0.3023255813953488,0.5,0.9214659685863874,0.37681159420289856,0.8762837293596456,0.4099999999999998
0.8995098039215687,0.3170731707317073,0.5,0.9267015706806283,0.3880597014925373,0.8762837293596456,0.4199999999999998
0.9007352941176471,0.32098765432098764,0.5,0.9280104712041884,0.39097744360902253,0.8762837293596456,0.4299999999999998
0.9019607843137255,0.325,0.5,0.9293193717277487,0.3939393939393939,0.8762837293596456,0.43999999999999984
0.9031862745098039,0.3291139240506329,0.5,0.930628272251309,0.3969465648854962,0.8762837293596456,0.44999999999999984
0.9068627450980392,0.34210526315789475,0.5,0.9345549738219895,0.40625,0.8762837293596456,0.45999999999999985
0.9068627450980392,0.33783783783783783,0.4807692307692308,0.9358638743455497,0.3968253968253968,0.8762837293596456,0.46999999999999986
0.9105392156862745,0.352112676056338,0.4807692307692308,0.9397905759162304,0.4065040650406504,0.8762837293596456,0.47999999999999976
0.9117647058823529,0.35294117647058826,0.46153846153846156,0.9424083769633508,0.4,0.8762837293596456,0.48999999999999977
0.9117647058823529,0.35294117647058826,0.46153846153846156,0.9424083769633508,0.4,0.8762837293596456,0.4999999999999998
0.9142156862745098,0.359375,0.4423076923076923,0.9463350785340314,0.39655172413793105,0.8762837293596456,0.5099999999999998
0.9166666666666666,0.3709677419354839,0.4423076923076923,0.9489528795811518,0.40350877192982454,0.8762837293596456,0.5199999999999998
0.9166666666666666,0.36666666666666664,0.4230769230769231,0.9502617801047121,0.39285714285714285,0.8762837293596456,0.5299999999999998
0.9178921568627451,0.3728813559322034,0.4230769230769231,0.9515706806282722,0.3963963963963964,0.8762837293596456,0.5399999999999998
0.9191176470588235,0.3793103448275862,0.4230769230769231,0.9528795811518325,0.4,0.8762837293596456,0.5499999999999998
0.9191176470588235,0.3793103448275862,0.4230769230769231,0.9528795811518325,0.4,0.8762837293596456,0.5599999999999997
0.9191176470588235,0.375,0.40384615384615385,0.9541884816753927,0.3888888888888889,0.8762837293596456,0.5699999999999997
0.9227941176470589,0.39215686274509803,0.38461538461538464,0.9594240837696335,0.3883495145631068,0.8762837293596456,0.5799999999999997
0.9252450980392157,0.40816326530612246,0.38461538461538464,0.9620418848167539,0.39603960396039606,0.8762837293596456,0.5899999999999997
0.9264705882352942,0.4166666666666667,0.38461538461538464,0.9633507853403142,0.4,0.8762837293596456,0.5999999999999998
0.9301470588235294,0.4444444444444444,0.38461538461538464,0.9672774869109948,0.41237113402061853,0.8762837293596456,0.6099999999999998
0.9338235294117647,0.47619047619047616,0.38461538461538464,0.9712041884816754,0.425531914893617,0.8762837293596456,0.6199999999999998
0.9350490196078431,0.48717948717948717,0.36538461538461536,0.9738219895287958,0.4175824175824176,0.8762837293596456,0.6299999999999997
0.9325980392156863,0.4594594594594595,0.3269230769230769,0.9738219895287958,0.38202247191011235,0.8762837293596456,0.6399999999999997
0.9350490196078431,0.4857142857142857,0.3269230769230769,0.9764397905759162,0.39080459770114945,0.8762837293596456,0.6499999999999997
0.9350490196078431,0.4857142857142857,0.3269230769230769,0.9764397905759162,0.39080459770114945,0.8762837293596456,0.6599999999999997
0.9350490196078431,0.48484848484848486,0.3076923076923077,0.9777486910994765,0.3764705882352941,0.8762837293596456,0.6699999999999997
0.9350490196078431,0.48484848484848486,0.3076923076923077,0.9777486910994765,0.3764705882352941,0.8762837293596456,0.6799999999999997
0.9350490196078431,0.48484848484848486,0.3076923076923077,0.9777486910994765,0.3764705882352941,0.8762837293596456,0.6899999999999997
0.9350490196078431,0.48484848484848486,0.3076923076923077,0.9777486910994765,0.3764705882352941,0.8762837293596456,0.6999999999999996
0.9362745098039216,0.5,0.2692307692307692,0.981675392670157,0.35,0.8762837293596456,0.7099999999999996
0.9375,0.52,0.25,0.9842931937172775,0.33766233766233766,0.8762837293596456,0.7199999999999996
0.9375,0.52,0.25,0.9842931937172775,0.33766233766233766,0.8762837293596456,0.7299999999999996
0.9387254901960784,0.5416666666666666,0.25,0.9856020942408377,0.34210526315789475,0.8762837293596456,0.7399999999999997
0.9387254901960784,0.5454545454545454,0.23076923076923078,0.9869109947643979,0.32432432432432434,0.8762837293596456,0.7499999999999997
0.9375,0.5238095238095238,0.21153846153846154,0.9869109947643979,0.3013698630136986,0.8762837293596456,0.7599999999999997
0.9387254901960784,0.55,0.21153846153846154,0.9882198952879581,0.3055555555555556,0.8762837293596456,0.7699999999999997
0.9399509803921569,0.5789473684210527,0.21153846153846154,0.9895287958115183,0.30985915492957744,0.8762837293596456,0.7799999999999997
0.9399509803921569,0.5789473684210527,0.21153846153846154,0.9895287958115183,0.30985915492957744,0.8762837293596456,0.7899999999999996
0.9436274509803921,0.6875,0.21153846153846154,0.993455497382199,0.3235294117647059,0.8762837293596456,0.7999999999999996
0.9436274509803921,0.7142857142857143,0.19230769230769232,0.9947643979057592,0.30303030303030304,0.8762837293596456,0.8099999999999996
0.9436274509803921,0.7142857142857143,0.19230769230769232,0.9947643979057592,0.30303030303030304,0.8762837293596456,0.8199999999999996
0.9448529411764706,0.7692307692307693,0.19230769230769232,0.9960732984293194,0.3076923076923077,0.8762837293596456,0.8299999999999996
0.9448529411764706,0.7692307692307693,0.19230769230769232,0.9960732984293194,0.3076923076923077,0.8762837293596456,0.8399999999999996
0.9436274509803921,0.75,0.17307692307692307,0.9960732984293194,0.28125,0.8762837293596456,0.8499999999999996
0.9448529411764706,0.8181818181818182,0.17307692307692307,0.9973821989528796,0.2857142857142857,0.8762837293596456,0.8599999999999995
0.9436274509803921,0.8,0.15384615384615385,0.9973821989528796,0.25806451612903225,0.8762837293596456,0.8699999999999996
0.9436274509803921,0.875,0.1346153846153846,0.9986910994764397,0.23333333333333334,0.8762837293596456,0.8799999999999996
0.9436274509803921,0.875,0.1346153846153846,0.9986910994764397,0.23333333333333334,0.8762837293596456,0.8899999999999996
0.9424019607843137,0.8571428571428571,0.11538461538461539,0.9986910994764397,0.2033898305084746,0.8762837293596456,0.8999999999999996
